0734a1482f009b4c6c8dbe16e34daf3c75567373,2015-04-15 21:40:03 UTC,15
b71398d37c208a57e006753bcd6fd7ccee89357a,2015-04-15 20:25:37 UTC,15
76d102926f51f882aefd8961a058c49538cd817c,2015-04-09 20:38:50 UTC,14
7d41cdd7e23efdb58141c2b982e61f9ef0ef5167,2015-04-07 20:43:48 UTC,14
c0a2bc05022e8890e3f389f97c0157d70cdd043f,2015-04-07 20:38:12 UTC,14
1ec3db39f951bfa83b77dbbe9b23f8b446d9c8ef,2015-04-07 20:36:55 UTC,14
ab0947b4016bb9554099a025d64b5aa45b7d9356,2015-04-07 20:34:06 UTC,14
a83ebc2d55fe212824864b982fa262a938ed1374,2015-04-07 05:39:54 UTC,14
ba59e578d368243df1c8561e70b3251b7071caf5,2015-04-07 04:45:22 UTC,14
a43357daae5788368cd31be3115153dfee189641,2015-04-05 21:43:20 UTC,13
29a27fa8f99b1a395a8462b595e7c9d65a526e30,2015-04-05 21:43:20 UTC,13
d86c770a868baf78cac7a5b5b2fdce241b435d4c,2015-04-05 21:43:20 UTC,13
57bc62be9cc0f93ca424c5ea3b3b12a223df449f,2015-04-05 21:43:20 UTC,13
5f32e1a0ccd1d064782f695902b504b575be3cfe,2015-04-05 21:43:20 UTC,13
91a1518bb835c2db1a0ddda153c34c19b24a65cc,2015-04-05 21:43:20 UTC,13
8495e99fa2f06bb673d7095d378f7c18863b04dc,2015-04-05 21:43:20 UTC,13
61df851d050082415c5dafd14878f7c2536e0545,2015-04-05 21:43:20 UTC,13
6dda20709151fa7afbc94d7b539b9a92fac27da4,2015-04-05 21:43:20 UTC,13
1a3fe8d81a20baf9d8d8e2642c3f9a995ac020fe,2015-04-05 21:43:20 UTC,13
db5d9f4df1d3a6f70fea074669a3ca839560937f,2015-04-05 21:43:20 UTC,13
4cdae99020a59913329b73e5b2d775c662d3d633,2015-04-05 21:43:20 UTC,13
f0f4449d2fdd35303e7fd1968be6f990f1fa0340,2015-04-05 21:43:19 UTC,13
9c469410b4ce3884b56fa17ffa860a31942de635,2015-04-05 21:43:19 UTC,13
6ed95c248d8e358075ee475e6dc11203a378e26e,2015-04-05 21:43:19 UTC,13
29c4aa79916382a100becdd23db9cc8131fd1f87,2015-04-05 21:43:19 UTC,13
add9263bbc4ddd61776b9dc33e2a6b156870af2a,2015-04-05 21:43:19 UTC,13
3b18c5ddfa062f996c69de1ae3c363db93b81d7b,2015-04-05 21:43:19 UTC,13
70112e7e77e98d4ac592fc69bf39eebbf8435a16,2015-04-05 21:43:19 UTC,13
a8753ab9b977e3a938c31bde7be78bb144f446f3,2015-04-05 21:43:19 UTC,13
a76284583be196ebe8e81b6c18e3de59b825aedf,2015-04-05 21:43:19 UTC,13
01aaa7d786a458eddf9bda3f3392cbdeecde7198,2015-04-05 21:43:19 UTC,13
5214ebecd2a8e7fabaec8c28897c2b1a0bc4dd8b,2015-04-05 21:43:19 UTC,13
99f57930998493f8d096e9fec9139a5a6c69a108,2015-04-05 21:43:19 UTC,13
1c6f7b177b8cf053cdacec497a1e17e49d40195a,2015-04-05 21:43:19 UTC,13
db98ef35f6c5b11e30d2d8dd62ec7239378b8f40,2015-04-05 21:43:18 UTC,13
f11413c102e202091eb1ae30c4158c7ce39a4ef1,2015-04-05 21:43:18 UTC,13
cf074f455a865f91ed9c039241fbcd65a384b13e,2015-04-05 21:43:18 UTC,13
2ea28cc63bbc0e7d95ab473038f5429adfddf05c,2015-04-05 21:43:18 UTC,13
9bc8971a604075524f826edfd63bb7bb4791f651,2015-04-05 21:42:41 UTC,13
698f6cd0c7a282989bd3885f894b60ebe9e76627,2015-04-03 16:18:17 UTC,13
5b2a3a1e31d4e053ea367db51affef35a1d4e320,2015-04-03 15:25:21 UTC,13
e494c5576696c8112eb77c49f46981411a903c18,2015-04-03 06:48:22 UTC,13
5d72134ec3e961c14293b7cb88d528b35cb92200,2015-04-03 06:48:22 UTC,13
25f6c4abdd67c8aa7c41dca81569892260d06708,2015-04-03 06:48:22 UTC,13
3855eef12dda243da52e3d6fb3aea2c4e282371e,2015-04-03 06:48:21 UTC,13
d3e1f8ad5f563fc8595a6230fac20a1f7e5c1ff8,2015-04-02 22:52:31 UTC,13
4de6216fd435925f2b4219e1c35cd2f1423527c0,2015-04-02 22:46:09 UTC,13
1a5380f954b4d7b772de0cee235ce3a5a4213987,2015-04-02 22:02:23 UTC,13
5fdb40d872769748016d952880f2053059b71386,2015-04-02 20:16:43 UTC,13
4b4905ce2300d9d40fe644535b77b401ec0fe3a0,2015-04-02 20:10:05 UTC,13
9e0f9bd66cbfe02d194213c47e8492b20f35822c,2015-04-02 19:27:37 UTC,13
b3ea9735fe727d570faeb7ea6816a74936985607,2015-04-02 18:57:48 UTC,13
8574d2b544311f9e6784b4e1a2075d91a0016857,2015-04-02 18:37:25 UTC,13
239296bb2a5362ee4ab42b4056dd4daac76abe71,2015-04-02 18:32:06 UTC,13
7d48fc87d3074a52855fbacb7c79fefcb7aaf25a,2015-04-02 18:32:06 UTC,13
81eeac1f60ae6f707ad3142dfe4456030fca260a,2015-04-02 18:32:06 UTC,13
5affa34b0ea143ad8cb05687bf080d59fe86b2aa,2015-04-02 18:32:06 UTC,13
76aebabfb967595ccb3af98fb754d411ab857875,2015-04-02 18:32:06 UTC,13
aaa19a3fc3a6fe767bbc2594cd4102502b34ecaf,2015-04-02 18:26:40 UTC,13
9ebdf4702d792b320ff14c858da5f0f0a348bde9,2015-04-01 23:37:30 UTC,13
2aa9e4c93753091f6555fd5c9c4c067ae890bc72,2015-04-01 23:35:52 UTC,13
8978a90cc1055efa3ddc9178c65e8cacc13ba601,2015-04-01 22:58:38 UTC,13
51baaef815b5b103ee95f50d473c73853d065112,2015-04-01 22:08:04 UTC,13
6a495daa66d87dc9323748058205c3c13cddd6c4,2015-04-01 09:51:06 UTC,13
11089c9f6a105604c74a1125658d09643b16b69f,2015-04-01 09:43:37 UTC,13
43d774e9985c2bc44b1ffc98d95d88d3e5422ec2,2015-04-01 09:32:31 UTC,13
5775f68776c7db3a7f72859f8fb814bce24fe530,2015-04-01 09:23:31 UTC,13
f8bac0f3205fa8ac55275de97ad0bbf5b8f61e34,2015-04-01 09:13:29 UTC,13
076c4fd71a848e957eea164ab79b3dda5275e471,2015-04-01 06:59:58 UTC,13
e7cdf91fc26a1afd7b1804e99e1e6bf3dfa0dc5b,2015-04-01 01:46:54 UTC,13
3dc1087077d6921e5c3f172d8f83abcd495313d6,2015-03-31 21:27:54 UTC,13
61954f4c4b1579cefce869c3482d5c8895628663,2015-03-31 21:16:10 UTC,13
e1c2ce0ae5d5025ae4f9aa672bdbb3cf01fddcff,2015-03-31 21:07:50 UTC,13
e60545a99ee885d6a38b1e95f05e953210bdcae7,2015-03-31 20:56:20 UTC,13
d618d3ca4443f67fdc337818630fda3ab67a4131,2015-03-31 20:02:48 UTC,13
8d903f67cae968a13fb6e46e4ba930d7a658b17e,2015-03-31 19:48:20 UTC,13
e894ba4978264a16e5799d57780cfbbbae647863,2015-03-31 05:32:17 UTC,13
33e9fd147e46c20c39d8f31dc212a31d5695941e,2015-03-31 05:25:28 UTC,13
e47320c4d92442e9af8fbb5ba1f1d1cbdae68bb2,2015-03-31 05:22:28 UTC,13
9769a7aa4dd1b28ddebd7fcf7300d77d416bc031,2015-03-31 05:08:43 UTC,13
6bb0231184fc73af1cefb8ac6a80a22a2eb6e341,2015-03-31 05:06:21 UTC,13
684e54bf6f32cc3de8fb2b29d5260c9216178135,2015-03-29 23:51:04 UTC,12
bf77cbd846473b32b29a5eb59389b0130df21afb,2015-03-29 20:41:59 UTC,12
08dcdd1283321717198d8227ab65511be7d9babc,2015-03-29 20:38:17 UTC,12
4341b5ef1eee72a8e5188bc236bdb9460e31b245,2015-03-28 17:54:22 UTC,12
3a9944a95627f16bcc1764d19fd390898ff92765,2015-03-23 06:21:59 UTC,12
9b1b57076c591eacbbc62d3b9e702f1268d22a56,2015-03-23 06:20:19 UTC,12
3098154c0d50ee4350bd783a7da5494f439e77cf,2015-03-23 06:18:16 UTC,12
6665981cc06f5791a18dfa0b2bbd42549ab501e8,2015-03-12 01:39:49 UTC,10
fff4d9a91e6d2108df862032bf4b1d536d1fb8f4,2015-03-11 04:04:34 UTC,10
8a8bf92eb324c145eb6599a716949de58b1db55b,2015-03-11 03:44:50 UTC,10
e6bb1a45f8148fde53df77c6e2c2957aa733bdb7,2015-03-11 03:44:15 UTC,10
a0abe2629363d1f6cc6415074f66f17908787140,2015-03-11 00:17:37 UTC,10
5aa22fbd63df90707269a876921a2b3ce6a64708,2015-03-10 09:45:17 UTC,10
b35047797338fc5d4e1b2fde719ba5401e316e17,2015-03-03 22:16:05 UTC,9
902ce39bd9144a459db66fc1615f21ddc349fdc0,2015-03-03 22:13:05 UTC,9
40b3f31174a2550e12150da32f5d42d98a3cf4d0,2015-03-03 22:12:15 UTC,9
3b69bdd0248030a6d42a3656f7067d355458ba41,2015-03-03 22:05:18 UTC,9
5acd69e3a0cc025b0cd1ddd33e0b067cd8a8328e,2015-03-03 21:44:20 UTC,9
2e8edf4044ce1eec240636bf7a39f3c7a0f19d01,2015-03-03 21:42:25 UTC,9
efcc997c1ebb482ca94562695fd0eb7e03dd1a3c,2015-03-03 20:38:17 UTC,9
f1d61301b23acce5476532549895f0bda2093ac2,2015-03-03 19:38:55 UTC,9
7732c525f649a85f1d6fd8083c03fad799391c06,2015-03-03 18:57:49 UTC,9
a0023f354c7d7e812f7618f843a871937e4d193d,2015-03-03 17:15:28 UTC,9
cb1d9744da971174191ce281c8a2af5661788347,2015-03-03 03:19:04 UTC,9
690e6435d6a153295c02afa246fd6e99dbc9d1ee,2015-03-02 20:51:51 UTC,9
67103577552c2630a83fb23d9fb0d8e46852739c,2015-03-02 20:47:14 UTC,9
91600f314faa49e04f8b9945336f3914398e9dfb,2015-03-02 20:41:59 UTC,9
1057ae2d8954263693c979a83c69f6d6e34e822f,2015-03-02 08:05:04 UTC,9
ab1b921e08d241b844d4d2a33aaa1330b8501c39,2015-03-02 08:04:07 UTC,9
6ed5247277ac60509465e15d2aa4cf5cf205005c,2015-02-19 22:29:03 UTC,7
07dcb740179b2e06a6cfd8ab2711fb4f6fff636d,2015-02-19 22:27:42 UTC,7
29b5864db61d19567c076b51f8bcb6294fc505f3,2015-02-19 22:25:00 UTC,7
128b2d846d15af604bf2a640b22fc79bb0733e8d,2015-02-19 22:24:13 UTC,7
f3669f18a9607cf9fd0058f962981250e98dffca,2015-02-19 21:42:26 UTC,7
d4f7df308dce66e15fc0d5495f1a071124a4d52e,2015-02-19 21:41:42 UTC,7
60ed5a1a3ea7e90cce7249fa689b25987c50ed0a,2015-02-19 21:32:43 UTC,7
4e6991043cfff600ab81f252e617eefebbcd9dba,2015-02-19 16:19:10 UTC,7
9f0687739ce21976b264dca79352ba9dd8a25bd1,2015-02-19 05:57:17 UTC,7
005af7b400b8a887a0b0e87732a971d957745398,2015-02-10 21:16:16 UTC,6
4b4f82355aa5428c2d6b5cd85d920a6ee1c443aa,2015-02-10 20:12:33 UTC,6
